{"train_losses": [1.1563258054884762, 1.0144716669075755, 0.8794314631055838, 0.7538016467533387, 0.6784569767407992, 0.6349746673115755, 0.585351235707314], "val_losses": [1.0212498585383096, 0.8879437526067098, 0.7596338222424189, 0.6612445712089539, 0.5978308657805125, 0.5791579479972522, 0.5328175120055676], "train_accuracies": [0.49118843199277, 0.5655219159511975, 0.6522819701762314, 0.701536375960235, 0.7230004518752825, 0.7361048350655219, 0.7632173520108451], "val_accuracies": [0.5685654008438819, 0.6445147679324894, 0.690928270042194, 0.7194092827004219, 0.7626582278481012, 0.7710970464135021, 0.7710970464135021]}