{"train_losses": [1.527543271491674, 1.4252023727024505, 1.3452395316926151, 1.294062113718866, 1.2552165696767263, 1.2296451936990345, 1.2222839948933046, 1.1860782331938349, 1.1498506273603613, 1.116879317734646, 1.0984248398443421, 1.0567085123234277, 1.0222693145920654, 0.9948482554311787, 0.9409295527082918, 0.9038427969178568, 0.8811938840129315, 0.8316859075739065, 0.8324549847991888, 0.7849583783950186, 0.7597688912054261, 0.7570663344128468, 0.699968525595183, 0.658768075575467, 0.6543713642909639, 0.6245956197112046, 0.6095607946710896, 0.5814020061320777, 0.5596056343846373, 0.5693316676986777, 0.5133195264997895, 0.4890641704309288, 0.4921321173329646, 0.4550354519206694, 0.44539417861708663, 0.4308120274264029, 0.4207653286816411, 0.3818099448181662, 0.4071357789775525, 0.3525083391029482, 0.36295168346553935, 0.3598762213753449, 0.3439962530394323, 0.35096124761371406, 0.3536334161508815, 0.3357353728358711, 0.32619423868423764, 0.3172159755353678, 0.2988866777949385, 0.3210689637352736, 0.2866527902614662, 0.28993302024900913], "val_losses": [1.4079875608285268, 1.2845319986343384, 1.2079028129577636, 1.1662611573934556, 1.1445091724395753, 1.0963820477326711, 1.061590947707494, 1.0025964866081873, 0.9765987286965052, 0.9403579900662105, 0.8218509967128436, 0.8931622159977753, 0.756473163763682, 0.645699729770422, 0.6176516193896532, 0.8470958814024925, 0.5493929875393708, 0.5966370952626069, 0.4713336544732253, 0.461046751216054, 0.4920988544045637, 0.411088734275351, 0.4030036874425908, 0.35298255532979966, 0.33797098241435986, 0.3051489287211249, 0.2974880363792181, 0.2785987121673922, 0.31608568678299587, 0.31141151549915475, 0.34950284004056204, 0.2830580097497053, 0.24268715493381024, 0.24441739403797935, 0.21894045326431902, 0.20083640228646496, 0.211629653070122, 0.18839235054135012, 0.22615060708873594, 0.17952834001431864, 0.19500161385318884, 0.1950699545190825, 0.1785402867285787, 0.18077305762756926, 0.15257329389763374, 0.1389994697315463, 0.1068627706884096, 0.12025583514090006, 0.15043884896634457, 0.12292155302833029, 0.15618894615909085, 0.12083217899198644], "train_accuracies": [0.24356077722548578, 0.31201988251242657, 0.3551739719837325, 0.38974243108901946, 0.38974243108901946, 0.40329868956168097, 0.42589245368278356, 0.43990058743786714, 0.4600090375056485, 0.4789877993673746, 0.5063262539539087, 0.5404428377767736, 0.5598734749209219, 0.5741075463172165, 0.6009941256213286, 0.6238138273836421, 0.6466335291459557, 0.6638047898779937, 0.6651604157252599, 0.6793944871215545, 0.7053773158608224, 0.7058291911432445, 0.7257117035698147, 0.7471757794848622, 0.7480795300497063, 0.7666064166290104, 0.7684139177586986, 0.7765476728422955, 0.7914595571622233, 0.7864889290555807, 0.8086308178942612, 0.8210573881608676, 0.8174423859014912, 0.8359692724807953, 0.8370989606868504, 0.8454586534116584, 0.8450067781292364, 0.8617261635788522, 0.8488477180298238, 0.876863985539991, 0.8737008585630366, 0.8689561680976051, 0.8759602349751469, 0.8764121102575689, 0.8752824220515139, 0.876863985539991, 0.8820605512878446, 0.8892905558065974, 0.8965205603253502, 0.8755083596927249, 0.903298689561681, 0.9012652507907818], "val_accuracies": [0.4662447257383966, 0.43987341772151894, 0.48101265822784806, 0.46308016877637126, 0.5094936708860759, 0.5569620253164557, 0.5232067510548523, 0.5748945147679324, 0.6149789029535865, 0.6181434599156118, 0.6972573839662447, 0.669831223628692, 0.7257383966244725, 0.7478902953586497, 0.7658227848101266, 0.6297468354430379, 0.811181434599156, 0.8037974683544303, 0.8618143459915611, 0.8270042194092826, 0.8523206751054851, 0.8628691983122362, 0.880801687763713, 0.880801687763713, 0.8955696202531644, 0.9135021097046413, 0.9135021097046413, 0.9156118143459915, 0.8955696202531644, 0.8966244725738396, 0.9124472573839661, 0.910337552742616, 0.9156118143459915, 0.9282700421940927, 0.940928270042194, 0.9345991561181434, 0.9367088607594936, 0.9462025316455696, 0.9219409282700421, 0.9588607594936708, 0.9440928270042194, 0.940928270042194, 0.931434599156118, 0.9567510548523206, 0.9641350210970463, 0.9683544303797468, 0.9757383966244725, 0.9725738396624471, 0.9588607594936708, 0.9767932489451476, 0.9588607594936708, 0.9715189873417721]}