{"train_losses": [1.3055616554800784, 1.1237449080074737, 1.0585874039343548, 0.9776765157599742, 0.8845422504610964, 0.7790983087964867, 0.7037896233130018, 0.6595106627321415, 0.630085669162041, 0.5888876067171889, 0.5738199552796808, 0.5307730546066477, 0.5231002677864116, 0.5017853791317785, 0.48129924464742196, 0.4736911889555652, 0.4477415990474422, 0.43181117971020916, 0.422890423491113, 0.4096182767395939, 0.3859234034261979, 0.38055428278898074, 0.36109415118982646, 0.3612957725886403, 0.34085334538875506], "val_losses": [1.1124199022849401, 1.0132442663113277, 0.9255746339758237, 0.8454839761058489, 0.7038587947686513, 0.6503682476778825, 0.5792679761846861, 0.5933750080565612, 0.4936845430483421, 0.5021556086838246, 0.45346268098801373, 0.4291412594417731, 0.4372847324858109, 0.3838328049207727, 0.39673900374521814, 0.3474189401293794, 0.3514366233100494, 0.36151984964186945, 0.3220569618977606, 0.2981820512873431, 0.27204443079729873, 0.2648852104321122, 0.28585948433416586, 0.2528572853344182, 0.2566645360551775], "train_accuracies": [0.4430637144148215, 0.5094893809308632, 0.5390872119295075, 0.5924084952553096, 0.6434704021690014, 0.6868504292815183, 0.710122006326254, 0.7331676457297787, 0.745368278355174, 0.7584726615454135, 0.7765476728422955, 0.7880704925440579, 0.7937189335743335, 0.8050158156348848, 0.8113420695887935, 0.8131495707184817, 0.8208314505196566, 0.8375508359692725, 0.8314505196565748, 0.841843651152282, 0.8474920921825576, 0.8515589697243561, 0.8626299141436964, 0.859240849525531, 0.8737008585630366], "val_accuracies": [0.4947257383966244, 0.5580168776371307, 0.6075949367088607, 0.660337552742616, 0.7078059071729957, 0.7130801687763713, 0.7373417721518987, 0.7383966244725738, 0.7710970464135021, 0.7932489451476793, 0.8238396624472573, 0.8291139240506329, 0.820675105485232, 0.8470464135021096, 0.8333333333333333, 0.8670886075949367, 0.8481012658227848, 0.8639240506329113, 0.8744725738396624, 0.871308016877637, 0.8934599156118143, 0.8997890295358649, 0.8765822784810126, 0.90084388185654, 0.90084388185654]}