{"train_losses": [1.3213845160033297, 1.128012388621857, 1.0385593132852218, 0.9305615205627056, 0.8175275648543981, 0.7441495512797084, 0.6810051386752284, 0.6441313060612455, 0.6084883902692623, 0.5803665629577981, 0.5649309576848784, 0.5496104618917734, 0.5030277086832032, 0.500348236855617, 0.48037356439480283, 0.466968639716775, 0.44898791845202013, 0.4416994031263172, 0.427154200386915, 0.408670643391592, 0.3883394589008837, 0.3800367065285087, 0.3831017803844562, 0.3529475197895339, 0.3474907855156957], "val_losses": [1.1210429648558298, 0.993693345785141, 0.8971751019358635, 0.7739946380257606, 0.7010011265675227, 0.6012637120982011, 0.5691929285724958, 0.5155993521213531, 0.49209348621467747, 0.4711187843233347, 0.4628293888022502, 0.41078352332115176, 0.40689826651165883, 0.3826117449750503, 0.41762794852256774, 0.3299635357533892, 0.32730093548695244, 0.319216924921299, 0.2943237376709779, 0.29369398520017664, 0.2764805315838506, 0.27050086033220094, 0.27070487858727577, 0.23788770919976135, 0.24116046672376493], "train_accuracies": [0.4426118391323995, 0.5133303208314506, 0.5551287844554903, 0.6179394487121554, 0.6699051061906914, 0.6974694984184365, 0.7241301400813376, 0.7467239042024402, 0.7548576592860371, 0.7666064166290104, 0.7792589245368279, 0.7851333032083145, 0.8016267510167194, 0.7989154993221871, 0.8020786262991415, 0.8169905106190691, 0.823994577496611, 0.8251242657026661, 0.8305467690917308, 0.8361952101220064, 0.8497514685946679, 0.8520108450067782, 0.8499774062358789, 0.8628558517849074, 0.8662449164030728], "val_accuracies": [0.49683544303797467, 0.5896624472573839, 0.6350210970464134, 0.6740506329113923, 0.6983122362869197, 0.7478902953586497, 0.7499999999999999, 0.791139240506329, 0.8037974683544303, 0.820675105485232, 0.8069620253164557, 0.8280590717299577, 0.8375527426160336, 0.8481012658227848, 0.8259493670886076, 0.8681434599156117, 0.870253164556962, 0.8586497890295358, 0.8776371308016877, 0.880801687763713, 0.8913502109704641, 0.8934599156118143, 0.8871308016877636, 0.9082278481012658, 0.9145569620253163]}